elev_threshold,elev_unit,n_total,n_total_above_threshold,pct_total_above_threshold,n_land,n_land_above_threshold,pct_land_above_threshold
-11000,m,3732480000,3732480000,100.0,1271851649,1271851649,100.0
-10900,m,3732480000,3732479999,99.99999997320816,1271851649,1271851649,100.0
-10800,m,3732480000,3732479998,99.99999994641632,1271851649,1271851649,100.0
-10700,m,3732480000,3732479786,99.99999426654664,1271851649,1271851649,100.0
-10600,m,3732480000,3732479426,99.99998462148491,1271851649,1271851649,100.0
-10500,m,3732480000,3732478862,99.9999695108882,1271851649,1271851649,100.0
-10400,m,3732480000,3732477934,99.99994464806241,1271851649,1271851649,100.0
-10300,m,3732480000,3732476672,99.9999108367627,1271851649,1271851649,100.0
-10200,m,3732480000,3732475373,99.99987603416496,1271851649,1271851649,100.0
-10100,m,3732480000,3732473605,99.99982866619513,1271851649,1271851649,100.0
-10000,m,3732480000,3732470644,99.99974933556241,1271851649,1271851649,100.0
-9900,m,3732480000,3732466315,99.99963335369513,1271851649,1271851649,100.0
-9800,m,3732480000,3732461430,99.99950247556585,1271851649,1271851649,100.0
-9700,m,3732480000,3732453595,99.99929256151405,1271851649,1271851649,100.0
-9600,m,3732480000,3732441828,99.99897730195474,1271851649,1271851649,100.0
-9500,m,3732480000,3732425252,99.99853320044582,1271851649,1271851649,100.0
-9400,m,3732480000,3732406035,99.99801834169239,1271851649,1271851649,100.0
-9300,m,3732480000,3732381595,99.99736354916838,1271851649,1271851649,100.0
-9200,m,3732480000,3732346914,99.99643438143003,1271851649,1271851649,100.0
-9100,m,3732480000,3732310962,99.99547116126543,1271851649,1271851649,100.0
-9000,m,3732480000,3732273199,99.99445942108196,1271851649,1271851649,100.0
-8900,m,3732480000,3732233765,99.99340291173696,1271851649,1271851649,100.0
-8800,m,3732480000,3732193107,99.9923136091821,1271851649,1271851649,100.0
-8700,m,3732480000,3732149679,99.9911500932356,1271851649,1271851649,100.0
-8600,m,3732480000,3732103134,99.98990306712963,1271851649,1271851649,100.0
-8500,m,3732480000,3732050565,99.98849464699074,1271851649,1271851649,100.0
-8400,m,3732480000,3731993382,99.9869626093107,1271851649,1271851649,100.0
-8300,m,3732480000,3731918133,99.98494655028293,1271851649,1271851649,100.0
-8200,m,3732480000,3731845606,99.98300341863855,1271851649,1271851649,100.0
-8100,m,3732480000,3731769730,99.98097056112826,1271851649,1271851649,100.0
-8000,m,3732480000,3731684680,99.97869191529493,1271851649,1271851649,100.0
-7900,m,3732480000,3731585691,99.97603981802983,1271851649,1271851649,100.0
-7800,m,3732480000,3731474612,99.9730638074417,1271851649,1271851649,100.0
-7700,m,3732480000,3731350972,99.96975126457475,1271851649,1271851649,100.0
-7600,m,3732480000,3731211140,99.96600490826475,1271851649,1271851649,100.0
-7500,m,3732480000,3731060217,99.96196140367799,1271851649,1271851649,100.0
-7400,m,3732480000,3730888305,99.95735556520061,1271851649,1271851649,100.0
-7300,m,3732480000,3730658254,99.95119207604596,1271851649,1271851649,100.0
-7200,m,3732480000,3730330308,99.94240579989712,1271851649,1271851649,100.0
-7100,m,3732480000,3730069197,99.93541015625,1271851649,1271851649,100.0
-7000,m,3732480000,3729789352,99.92791259430727,1271851649,1271851649,100.0
-6900,m,3732480000,3729491782,99.91994014703361,1271851649,1271851649,100.0
-6800,m,3732480000,3729174354,99.91143566743827,1271851649,1271851649,100.0
-6700,m,3732480000,3728797967,99.90135156785837,1271851649,1271851649,100.0
-6600,m,3732480000,3728372422,99.88995043509945,1271851649,1271851649,100.0
-6500,m,3732480000,3727869289,99.87647057720336,1271851649,1271851649,100.0
-6400,m,3732480000,3727195178,99.85840990440673,1271851649,1271851649,100.0
-6300,m,3732480000,3726162934,99.83075419024348,1271851649,1271851649,100.0
-6200,m,3732480000,3724132987,99.77636817879801,1271851649,1271851649,100.0
-6100,m,3732480000,3720212382,99.67132796424897,1271851649,1271851649,100.0
-6000,m,3732480000,3712274476,99.45865687157064,1271851649,1271851649,100.0
-5900,m,3732480000,3699473558,99.11569674854252,1271851649,1271851649,100.0
-5800,m,3732480000,3681547174,98.63541597007888,1271851649,1271851649,100.0
-5700,m,3732480000,3658614351,98.02100348829732,1271851649,1271851649,100.0
-5600,m,3732480000,3628828189,97.2229774573474,1271851649,1271851649,100.0
-5500,m,3732480000,3592162315,96.24063129608196,1271851649,1271851649,100.0
-5400,m,3732480000,3547264117,95.03772604273834,1271851649,1271851649,100.0
-5300,m,3732480000,3493574406,93.59927999614197,1271851649,1271851649,100.0
-5200,m,3732480000,3434694573,92.02178104102366,1271851649,1271851649,100.0
-5100,m,3732480000,3368362616,90.24462598593965,1271851649,1271851649,100.0
-5000,m,3732480000,3301516839,88.4537047485854,1271851649,1271851649,100.0
-4900,m,3732480000,3233995748,86.64469060785322,1271851649,1271851649,100.0
-4800,m,3732480000,3167919986,84.87439948774005,1271851649,1271851649,100.0
-4700,m,3732480000,3103082164,83.13727505572702,1271851649,1271851649,100.0
-4600,m,3732480000,3034587172,81.3021683170439,1271851649,1271851649,100.0
-4500,m,3732480000,2964859549,79.43403712812929,1271851649,1271851649,100.0
-4400,m,3732480000,2891061281,77.45684587727195,1271851649,1271851649,100.0
-4300,m,3732480000,2801617176,75.06047389403292,1271851649,1271851649,100.0
-4200,m,3732480000,2712080214,72.66161410108025,1271851649,1271851649,100.0
-4100,m,3732480000,2636627439,70.64009556648662,1271851649,1271851649,100.0
-4000,m,3732480000,2566945140,68.77317869084362,1271851649,1271851649,100.0
-3900,m,3732480000,2495230592,66.85181412894376,1271851649,1271851649,100.0
-3800,m,3732480000,2423963164,64.94242873371056,1271851649,1271851649,100.0
-3700,m,3732480000,2357483375,63.16131298761145,1271851649,1271851649,100.0
-3600,m,3732480000,2295207912,61.49283886316872,1271851649,1271851649,100.0
-3500,m,3732480000,2238107958,59.963026138117286,1271851649,1271851649,100.0
-3400,m,3732480000,2186502856,58.580430598422495,1271851649,1271851649,100.0
-3300,m,3732480000,2138111487,57.283936873070985,1271851649,1271851649,100.0
-3200,m,3732480000,2091632024,56.03866662379973,1271851649,1271851649,100.0
-3100,m,3732480000,2051027306,54.95079159164952,1271851649,1271851649,100.0
-3000,m,3732480000,2015138198,53.98925641932442,1271851649,1271851649,100.0
-2900,m,3732480000,1982485926,53.11444203317901,1271851649,1271851649,100.0
-2800,m,3732480000,1951109763,52.2738169528035,1271851649,1271851649,100.0
-2700,m,3732480000,1921145313,51.47101425861626,1271851649,1271851649,100.0
-2600,m,3732480000,1895228069,50.77664365247771,1271851649,1271851649,100.0
-2500,m,3732480000,1872344593,50.16355326753258,1271851649,1271851649,100.0
-2400,m,3732480000,1850821267,49.58690380122599,1271851649,1271851649,100.0
-2300,m,3732480000,1831544550,49.070445119598766,1271851649,1271851649,100.0
-2200,m,3732480000,1813138959,48.57732550475823,1271851649,1271851649,100.0
-2100,m,3732480000,1795410571,48.102349403077845,1271851649,1271851649,100.0
-2000,m,3732480000,1778445752,47.64783071844993,1271851649,1271851649,100.0
-1900,m,3732480000,1763027795,47.23475531014232,1271851649,1271851649,100.0
-1800,m,3732480000,1748283049,46.83971646197703,1271851649,1271851649,100.0
-1700,m,3732480000,1734103856,46.45982981824417,1271851649,1271851649,100.0
-1600,m,3732480000,1720845290,46.1046084640775,1271851649,1271851649,100.0
-1500,m,3732480000,1708184666,45.76540707518861,1271851649,1271851649,100.0
-1400,m,3732480000,1695735635,45.4318746517061,1271851649,1271851649,100.0
-1300,m,3732480000,1683178615,45.09544900441529,1271851649,1271851649,100.0
-1200,m,3732480000,1671393406,44.77970159250686,1271851649,1271851649,100.0
-1100,m,3732480000,1659767877,44.46823230131173,1271851649,1271851649,100.0
-1000,m,3732480000,1649723291,44.19911937907236,1271851649,1271851649,100.0
-900,m,3732480000,1640125133,43.94196708354767,1271851649,1271851649,100.0
-800,m,3732480000,1629977756,43.670100201474625,1271851649,1271851649,100.0
-700,m,3732480000,1618907879,43.373517848722564,1271851649,1271851649,100.0
-600,m,3732480000,1605032851,43.00178034443587,1271851649,1271851649,100.0
-500,m,3732480000,1584315274,42.44671837491427,1271851649,1271851649,100.0
-400,m,3732480000,1557445643,41.726831570430384,1271851649,1271829952,99.99829406204591
-300,m,3732480000,1525789708,40.87871088391633,1271851649,1271719977,99.98964722024746
-200,m,3732480000,1486453279,39.824815645361795,1271851649,1271587148,99.9792034707658
-100,m,3732480000,1425654427,38.195902643818584,1271851649,1271308797,99.95731797804982
0,m,3732480000,1271330831,34.061289839463306,1271851649,1266316529,99.56479829983694
100,m,3732480000,1088729895,29.16907511895576,1271851649,1087599855,85.51310648967048
200,m,3732480000,947397419,25.382518298825445,1271851649,946358963,74.40796760723467
300,m,3732480000,842394358,22.56929328489369,1271851649,841420897,66.1571573745705
400,m,3732480000,749768755,20.087683122213647,1271851649,748852031,58.87888195048446
500,m,3732480000,676257104,18.118170867626887,1271851649,675390026,53.10289344917145
600,m,3732480000,623116512,16.69443672839506,1271851649,622297454,48.92846225338345
700,m,3732480000,581743711,15.585983340835048,1271851649,580967817,45.67889796398731
800,m,3732480000,547525287,14.669208863811729,1271851649,546793017,42.991886469614506
900,m,3732480000,517575486,13.866798643261317,1271851649,516900688,40.64158649370906
1000,m,3732480000,488803799,13.095952262302813,1271851649,488170468,38.38265794472387
1100,m,3732480000,461173229,12.355678503300755,1271851649,460575611,36.21299790444349
1200,m,3732480000,435051247,11.655822589806242,1271851649,434486442,34.16172336935815
1300,m,3732480000,412395841,11.04884261938443,1271851649,411873958,32.38380500774898
1400,m,3732480000,392142013,10.50620533800583,1271851649,391663963,30.794783598224512
1500,m,3732480000,374556780,10.03506462191358,1271851649,374119531,29.41534347139884
1600,m,3732480000,358362968,9.601202632030178,1271851649,357974435,28.1459268682365
1700,m,3732480000,343387913,9.19999338241598,1271851649,343044739,26.972071724695308
1800,m,3732480000,328920774,8.812392136059671,1271851649,328620596,25.837965949753627
1900,m,3732480000,315066138,8.441200970936213,1271851649,314811197,24.75219474280054
2000,m,3732480000,301597645,8.080355286565501,1271851649,301382115,23.69632615855499
2100,m,3732480000,288082340,7.718255422668038,1271851649,287903136,22.63653439663072
2200,m,3732480000,274673469,7.359007121270576,1271851649,274526778,21.584811264415006
2300,m,3732480000,261246500,6.999273941186557,1271851649,261127444,20.531281632202372
2400,m,3732480000,246501019,6.604215401020233,1271851649,246404227,19.373661007849194
2500,m,3732480000,230048337,6.163417807998971,1271851649,229969465,18.081469264187746
2600,m,3732480000,212088888,5.682251157407407,1271851649,212025632,16.67062602518983
2700,m,3732480000,192483757,5.156993661051097,1271851649,192433663,15.130197232617654
2800,m,3732480000,169648158,4.54518598894033,1271851649,169609283,13.335618437366982
2900,m,3732480000,142665089,3.8222599719221537,1271851649,142635733,11.214808984377077
3000,m,3732480000,122251847,3.275351696459191,1271851649,122230245,9.610416835650932
3100,m,3732480000,95970865,2.571235880701303,1271851649,95956058,7.544595163708436
3200,m,3732480000,80021337,2.1439187082047324,1271851649,80011831,6.290971990554851
3300,m,3732480000,67812099,1.8168107799639919,1271851649,67806048,5.3312859289299075
3400,m,3732480000,57359653,1.5367705386231139,1271851649,57355859,4.509634362238422
3500,m,3732480000,47397906,1.269877025462963,1271851649,47395665,3.726508908272839
3600,m,3732480000,37612901,1.0077187553583675,1271851649,37611591,2.957230981268319
3700,m,3732480000,28575421,0.7655880540552126,1271851649,28574693,2.2467001574017695
3800,m,3732480000,21233143,0.5688749303412208,1271851649,21232711,1.6694329890356576
3900,m,3732480000,17629028,0.4723140646433471,1271851649,17628769,1.386071167487239
4000,m,3732480000,15017793,0.4023542791923868,1271851649,15017628,1.1807688429548908
4100,m,3732480000,13421760,0.35959362139917694,1271851649,13421638,1.0552832958586666
4200,m,3732480000,12590101,0.3373119480881344,1271851649,12590014,0.9898964246261711
4300,m,3732480000,11703980,0.31357113768861455,1271851649,11703913,0.9202262708235086
4400,m,3732480000,10787240,0.2890099879972565,1271851649,10787190,0.8481484462815678
4500,m,3732480000,9806133,0.26272432806069956,1271851649,9806094,0.7710092610022633
4600,m,3732480000,8687768,0.23276127400548696,1271851649,8687736,0.6830777793016015
4700,m,3732480000,7562905,0.2026241265860768,1271851649,7562880,0.5946353889580089
4800,m,3732480000,6442976,0.17261917009602196,1271851649,6442962,0.5065812514427931
4900,m,3732480000,5271942,0.141245016718107,1271851649,5271931,0.41450832761392287
5000,m,3732480000,4059683,0.10876636981310013,1271851649,4059676,0.31919414525993983
5100,m,3732480000,3013011,0.08072410300925927,1271851649,3013008,0.2368993272422136
5200,m,3732480000,2172216,0.058197659465020576,1271851649,2172215,0.17079153859712454
5300,m,3732480000,1542717,0.04133222415123457,1271851649,1542717,0.1212969296547258
5400,m,3732480000,1080745,0.028955145104595337,1271851649,1080745,0.08497413993603274
5500,m,3732480000,749536,0.020081447187928668,1271851649,749536,0.058932659370243896
5600,m,3732480000,513677,0.013762351037379973,1271851649,513677,0.04038812234146028
5700,m,3732480000,344501,0.00922981502914952,1271851649,344501,0.027086571006207028
5800,m,3732480000,223919,0.005999201603223594,1271851649,223919,0.01760574829431227
5900,m,3732480000,141900,0.00380176183127572,1271851649,141900,0.01115696159308907
6000,m,3732480000,88594,0.002373596107681756,1271851649,88594,0.006965749509359641
6100,m,3732480000,55202,0.001478963048696845,1271851649,55202,0.0043402860737258835
6200,m,3732480000,34569,0.0009261670524691358,1271851649,34569,0.0027180056752043416
6300,m,3732480000,21911,0.0005870359653635116,1271851649,21911,0.0017227638158292785
6400,m,3732480000,14283,0.00038266782407407406,1271851649,14283,0.0011230083328688596
6500,m,3732480000,9731,0.0002607113768861454,1271851649,9731,0.0007651049560419291
6600,m,3732480000,6975,0.0001868730709876543,1271851649,6975,0.00054841301699645
6700,m,3732480000,5078,0.00013604895404663924,1271851649,5078,0.0003992604014778456
6800,m,3732480000,3791,0.00010156785836762688,1271851649,3791,0.0002980693544707587
6900,m,3732480000,2856,7.651748971193416e-05,1271851649,2856,0.0002245544912604819
7000,m,3732480000,2107,5.645040294924554e-05,1271851649,2107,0.00016566397517011044
7100,m,3732480000,1540,4.125943072702332e-05,1271851649,1540,0.00012108330411104416
7200,m,3732480000,1097,2.939064643347051e-05,1271851649,1097,8.625219779858146e-05
7300,m,3732480000,776,2.0790466392318245e-05,1271851649,776,6.101340518842226e-05
7400,m,3732480000,568,1.5217764060356652e-05,1271851649,568,4.465929658121629e-05
7500,m,3732480000,389,1.0422025034293553e-05,1271851649,389,3.0585328116361154e-05
7600,m,3732480000,259,6.939086076817558e-06,1271851649,259,2.0364010236857427e-05
7700,m,3732480000,177,4.742155349794239e-06,1271851649,177,1.3916717420555075e-05
7800,m,3732480000,115,3.0810613854595336e-06,1271851649,115,9.041935047253298e-06
7900,m,3732480000,76,2.0361796982167353e-06,1271851649,76,5.9755396834021796e-06
8000,m,3732480000,48,1.286008230452675e-06,1271851649,48,3.7740250632013767e-06
8100,m,3732480000,35,9.377143347050755e-07,1271851649,35,2.751893275251004e-06
8200,m,3732480000,19,5.090449245541838e-07,1271851649,19,1.4938849208505449e-06
8300,m,3732480000,8,2.1433470507544582e-07,1271851649,8,6.290041772002294e-07
8400,m,3732480000,5,1.3395919067215364e-07,1271851649,5,3.931276107501434e-07
8500,m,3732480000,2,5.3583676268861454e-08,1271851649,2,1.5725104430005736e-07
8600,m,3732480000,0,0.0,1271851649,0,0.0
8700,m,3732480000,0,0.0,1271851649,0,0.0
8800,m,3732480000,0,0.0,1271851649,0,0.0
8900,m,3732480000,0,0.0,1271851649,0,0.0
-36000,ft,3732480000,3732480000,100.0,1271851649,1271851649,100.0
-35800,ft,3732480000,3732480000,100.0,1271851649,1271851649,100.0
-35600,ft,3732480000,3732479999,99.99999997320816,1271851649,1271851649,100.0
-35400,ft,3732480000,3732479997,99.99999991962449,1271851649,1271851649,100.0
-35200,ft,3732480000,3732479886,99.99999694573046,1271851649,1271851649,100.0
-35000,ft,3732480000,3732479641,99.99999038173011,1271851649,1271851649,100.0
-34800,ft,3732480000,3732479453,99.99998534486454,1271851649,1271851649,100.0
-34600,ft,3732480000,3732479217,99.99997902199074,1271851649,1271851649,100.0
-34400,ft,3732480000,3732478738,99.99996618870027,1271851649,1271851649,100.0
-34200,ft,3732480000,3732478178,99.99995118527092,1271851649,1271851649,100.0
-34000,ft,3732480000,3732477496,99.99993291323732,1271851649,1271851649,100.0
-33800,ft,3732480000,3732476699,99.99991156014232,1271851649,1271851649,100.0
-33600,ft,3732480000,3732475898,99.99989009987998,1271851649,1271851649,100.0
-33400,ft,3732480000,3732475098,99.99986866640947,1271851649,1271851649,100.0
-33200,ft,3732480000,3732474003,99.99983932934671,1271851649,1271851649,100.0
-33000,ft,3732480000,3732472477,99.99979844500172,1271851649,1271851649,100.0
-32800,ft,3732480000,3732470426,99.9997434949417,1271851649,1271851649,100.0
-32600,ft,3732480000,3732467834,99.99967405049726,1271851649,1271851649,100.0
-32400,ft,3732480000,3732465199,99.99960345400378,1271851649,1271851649,100.0
-32200,ft,3732480000,3732462218,99.9995235875343,1271851649,1271851649,100.0
-32000,ft,3732480000,3732458379,99.99942073366769,1271851649,1271851649,100.0
-31800,ft,3732480000,3732452741,99.99926968128429,1271851649,1271851649,100.0
-31600,ft,3732480000,3732445677,99.99908042373971,1271851649,1271851649,100.0
-31400,ft,3732480000,3732437555,99.99886282043039,1271851649,1271851649,100.0
-31200,ft,3732480000,3732427148,99.99858399777092,1271851649,1271851649,100.0
-31000,ft,3732480000,3732415740,99.99827835648148,1271851649,1271851649,100.0
-30800,ft,3732480000,3732403174,99.99794169024348,1271851649,1271851649,100.0
-30600,ft,3732480000,3732388403,99.9975459480024,1271851649,1271851649,100.0
-30400,ft,3732480000,3732371672,99.99709769375858,1271851649,1271851649,100.0
-30200,ft,3732480000,3732348576,99.99647890946503,1271851649,1271851649,100.0
-30000,ft,3732480000,3732326128,99.99587748628258,1271851649,1271851649,100.0
-29800,ft,3732480000,3732304705,99.99530352473423,1271851649,1271851649,100.0
-29600,ft,3732480000,3732281803,99.99468993805726,1271851649,1271851649,100.0
-29400,ft,3732480000,3732257930,99.99405033650548,1271851649,1271851649,100.0
-29200,ft,3732480000,3732233796,99.99340374228395,1271851649,1271851649,100.0
-29000,ft,3732480000,3732209753,99.99275958611969,1271851649,1271851649,100.0
-28800,ft,3732480000,3732183689,99.99206128365054,1271851649,1271851649,100.0
-28600,ft,3732480000,3732157606,99.99136247213649,1271851649,1271851649,100.0
-28400,ft,3732480000,3732129292,99.99060388803154,1271851649,1271851649,100.0
-28200,ft,3732480000,3732100652,99.98983656978739,1271851649,1271851649,100.0
-28000,ft,3732480000,3732068925,99.98898654513889,1271851649,1271851649,100.0
-27800,ft,3732480000,3732036124,99.98810774605624,1271851649,1271851649,100.0
-27600,ft,3732480000,3732001129,99.98717016568072,1271851649,1271851649,100.0
-27400,ft,3732480000,3731956201,99.98596646197703,1271851649,1271851649,100.0
-27200,ft,3732480000,3731910747,99.98474866576646,1271851649,1271851649,100.0
-27000,ft,3732480000,3731866449,99.98356184092079,1271851649,1271851649,100.0
-26800,ft,3732480000,3731822683,99.98238926933298,1271851649,1271851649,100.0
-26600,ft,3732480000,3731775481,99.98112464098936,1271851649,1271851649,100.0
-26400,ft,3732480000,3731725711,99.97979121120542,1271851649,1271851649,100.0
-26200,ft,3732480000,3731670692,99.9783171510631,1271851649,1271851649,100.0
-26000,ft,3732480000,3731611734,99.97673755787036,1271851649,1271851649,100.0
-25800,ft,3732480000,3731546248,99.9749830675583,1271851649,1271851649,100.0
-25600,ft,3732480000,3731477403,99.97313858346193,1271851649,1271851649,100.0
-25400,ft,3732480000,3731403969,99.97117115162037,1271851649,1271851649,100.0
-25200,ft,3732480000,3731323813,99.96902362504287,1271851649,1271851649,100.0
-25000,ft,3732480000,3731239341,99.96676046489198,1271851649,1271851649,100.0
-24800,ft,3732480000,3731151247,99.96440026470336,1271851649,1271851649,100.0
-24600,ft,3732480000,3731056946,99.96187376757544,1271851649,1271851649,100.0
-24400,ft,3732480000,3730954560,99.95913065843621,1271851649,1271851649,100.0
-24200,ft,3732480000,3730844948,99.95619395147462,1271851649,1271851649,100.0
-24000,ft,3732480000,3730718591,99.95280861518347,1271851649,1271851649,100.0
-23800,ft,3732480000,3730483625,99.94651344414437,1271851649,1271851649,100.0
-23600,ft,3732480000,3730311700,99.94190725737312,1271851649,1271851649,100.0
-23400,ft,3732480000,3730153376,99.93766546639232,1271851649,1271851649,100.0
-23200,ft,3732480000,3729990533,99.93330260309499,1271851649,1271851649,100.0
-23000,ft,3732480000,3729818724,99.92869952417695,1271851649,1271851649,100.0
-22800,ft,3732480000,3729640888,99.92393497085048,1271851649,1271851649,100.0
-22600,ft,3732480000,3729455847,99.91897738233024,1271851649,1271851649,100.0
-22400,ft,3732480000,3729264298,99.91384543252744,1271851649,1271851649,100.0
-22200,ft,3732480000,3729051504,99.90814429012346,1271851649,1271851649,100.0
-22000,ft,3732480000,3728818435,99.9018999432013,1271851649,1271851649,100.0
-21800,ft,3732480000,3728569606,99.89523335691015,1271851649,1271851649,100.0
-21600,ft,3732480000,3728295157,99.887880363726,1271851649,1271851649,100.0
-21400,ft,3732480000,3727990637,99.8797217131773,1271851649,1271851649,100.0
-21200,ft,3732480000,3727639252,99.87030746313442,1271851649,1271851649,100.0
-21000,ft,3732480000,3727196761,99.8584523158865,1271851649,1271851649,100.0
-20800,ft,3732480000,3726637572,99.84347061471193,1271851649,1271851649,100.0
-20600,ft,3732480000,3725833065,99.82191639338991,1271851649,1271851649,100.0
-20400,ft,3732480000,3724571103,99.78810611175412,1271851649,1271851649,100.0
-20200,ft,3732480000,3722737799,99.7389885277349,1271851649,1271851649,100.0
-20000,ft,3732480000,3719976918,99.66501945087448,1271851649,1271851649,100.0
-19800,ft,3732480000,3715603828,99.54785633144719,1271851649,1271851649,100.0
-19600,ft,3732480000,3709387878,99.38131960519547,1271851649,1271851649,100.0
-19400,ft,3732480000,3701475833,99.16934137624314,1271851649,1271851649,100.0
-19200,ft,3732480000,3691472540,98.90133476937585,1271851649,1271851649,100.0
-19000,ft,3732480000,3679739992,98.58699824245542,1271851649,1271851649,100.0
-18800,ft,3732480000,3666303308,98.22700477966393,1271851649,1271851649,100.0
-18600,ft,3732480000,3649999665,97.79020021540637,1271851649,1271851649,100.0
-18400,ft,3732480000,3631452288,97.29328189300412,1271851649,1271851649,100.0
-18200,ft,3732480000,3610084957,96.72081181948731,1271851649,1271851649,100.0
-18000,ft,3732480000,3586490180,96.08866437328533,1271851649,1271851649,100.0
-17800,ft,3732480000,3559537202,95.36654454946844,1271851649,1271851649,100.0
-17600,ft,3732480000,3528713658,94.54072514789095,1271851649,1271851649,100.0
-17400,ft,3732480000,3495291665,93.64528852130486,1271851649,1271851649,100.0
-17200,ft,3732480000,3460564438,92.71488227666323,1271851649,1271851649,100.0
-17000,ft,3732480000,3422317194,91.69016830632717,1271851649,1271851649,100.0
-16800,ft,3732480000,3381933796,90.60822284379287,1271851649,1271851649,100.0
-16600,ft,3732480000,3341100235,89.51421668702847,1271851649,1271851649,100.0
-16400,ft,3732480000,3300168126,88.4175702481996,1271851649,1271851649,100.0
-16200,ft,3732480000,3258814804,87.3096387388546,1271851649,1271851649,100.0
-16000,ft,3732480000,3218088127,86.21849620091736,1271851649,1271851649,100.0
-15800,ft,3732480000,3177733736,85.13732788923183,1271851649,1271851649,100.0
-15600,ft,3732480000,3138231826,84.07899911051098,1271851649,1271851649,100.0
-15400,ft,3732480000,3098502582,83.01457963605966,1271851649,1271851649,100.0
-15200,ft,3732480000,3056649985,81.89327163173012,1271851649,1271851649,100.0
-15000,ft,3732480000,3015426836,80.78882769633059,1271851649,1271851649,100.0
-14800,ft,3732480000,2972748415,79.6453943490655,1271851649,1271851649,100.0
-14600,ft,3732480000,2928534798,78.46083027906379,1271851649,1271851649,100.0
-14400,ft,3732480000,2882489453,77.22719084897977,1271851649,1271851649,100.0
-14200,ft,3732480000,2827901048,75.76466713820302,1271851649,1271851649,100.0
-14000,ft,3732480000,2772322011,74.27560257523149,1271851649,1271851649,100.0
-13800,ft,3732480000,2717479647,72.80627483603395,1271851649,1271851649,100.0
-13600,ft,3732480000,2669083046,71.50964093578533,1271851649,1271851649,100.0
-13400,ft,3732480000,2625445333,70.34050639253257,1271851649,1271851649,100.0
-13200,ft,3732480000,2583220388,69.20922250085734,1271851649,1271851649,100.0
-13000,ft,3732480000,2540123697,68.05458293145576,1271851649,1271851649,100.0
-12800,ft,3732480000,2495955055,66.87122382437414,1271851649,1271851649,100.0
-12600,ft,3732480000,2453810699,65.74209906014232,1271851649,1271851649,100.0
-12400,ft,3732480000,2409117639,64.54468983088992,1271851649,1271851649,100.0
-12200,ft,3732480000,2369054954,63.471336859139235,1271851649,1271851649,100.0
-12000,ft,3732480000,2330676687,62.443112541795266,1271851649,1271851649,100.0
-11800,ft,3732480000,2292530034,61.42109358924897,1271851649,1271851649,100.0
-11600,ft,3732480000,2257308571,60.47744585369513,1271851649,1271851649,100.0
-11400,ft,3732480000,2224394352,59.595613425925926,1271851649,1271851649,100.0
-11200,ft,3732480000,2193243939,58.76103660300926,1271851649,1271851649,100.0
-11000,ft,3732480000,2162942796,57.94921328446502,1271851649,1271851649,100.0
-10800,ft,3732480000,2133919389,57.17162286201132,1271851649,1271851649,100.0
-10600,ft,3732480000,2105928069,56.421683947402265,1271851649,1271851649,100.0
-10400,ft,3732480000,2077928928,55.67153549382716,1271851649,1271851649,100.0
-10200,ft,3732480000,2054068246,55.03226396390603,1271851649,1271851649,100.0
-10000,ft,3732480000,2032221491,54.44694924018347,1271851649,1271851649,100.0
-9800,ft,3732480000,2010454630,53.86377502357682,1271851649,1271851649,100.0
-9600,ft,3732480000,1990558684,53.33072605881344,1271851649,1271851649,100.0
-9400,ft,3732480000,1971870416,52.83003300754458,1271851649,1271851649,100.0
-9200,ft,3732480000,1952524150,52.31171098036694,1271851649,1271851649,100.0
-9000,ft,3732480000,1933317392,51.79712662894376,1271851649,1271851649,100.0
-8800,ft,3732480000,1916325913,51.34189367391118,1271851649,1271851649,100.0
-8600,ft,3732480000,1900622679,50.92117517039609,1271851649,1271851649,100.0
-8400,ft,3732480000,1885670280,50.520572916666666,1271851649,1271851649,100.0
-8200,ft,3732480000,1872119916,50.15753375771605,1271851649,1271851649,100.0
-8000,ft,3732480000,1859020478,49.80657573516804,1271851649,1271851649,100.0
-7800,ft,3732480000,1846084107,49.459986577289094,1271851649,1271851649,100.0
-7600,ft,3732480000,1834492897,49.1494367551869,1271851649,1271851649,100.0
-7400,ft,3732480000,1823384578,48.85182447059328,1271851649,1271851649,100.0
-7200,ft,3732480000,1811958042,48.54568656764403,1271851649,1271851649,100.0
-7000,ft,3732480000,1801051397,48.25347750021434,1271851649,1271851649,100.0
-6800,ft,3732480000,1790684983,47.97574221429184,1271851649,1271851649,100.0
-6600,ft,3732480000,1780467163,47.70198803476509,1271851649,1271851649,100.0
-6400,ft,3732480000,1770403388,47.43236100394376,1271851649,1271851649,100.0
-6200,ft,3732480000,1761443883,47.19231939621913,1271851649,1271851649,100.0
-6000,ft,3732480000,1752589782,46.95510175540124,1271851649,1271851649,100.0
-5800,ft,3732480000,1743309701,46.70647132737483,1271851649,1271851649,100.0
-5600,ft,3732480000,1734917479,46.48162827396262,1271851649,1271851649,100.0
-5400,ft,3732480000,1726919064,46.26733603395062,1271851649,1271851649,100.0
-5200,ft,3732480000,1718645511,46.04567234117798,1271851649,1271851649,100.0
-5000,ft,3732480000,1711109344,45.843764574759945,1271851649,1271851649,100.0
-4800,ft,3732480000,1703670071,45.6444527767061,1271851649,1271851649,100.0
-4600,ft,3732480000,1696020893,45.43951723786866,1271851649,1271851649,100.0
-4400,ft,3732480000,1688115417,45.22771500450103,1271851649,1271851649,100.0
-4200,ft,3732480000,1680800041,45.03172263481653,1271851649,1271851649,100.0
-4000,ft,3732480000,1673755760,44.84299339849108,1271851649,1271851649,100.0
-3800,ft,3732480000,1666137088,44.63887517146777,1271851649,1271851649,100.0
-3600,ft,3732480000,1659435252,44.459320666152266,1271851649,1271851649,100.0
-3400,ft,3732480000,1653326588,44.29565832904664,1271851649,1271851649,100.0
-3200,ft,3732480000,1647157808,44.130385373799726,1271851649,1271851649,100.0
-3000,ft,3732480000,1641461738,43.97777718835734,1271851649,1271851649,100.0
-2800,ft,3732480000,1635550047,43.81939211998457,1271851649,1271851649,100.0
-2600,ft,3732480000,1629076779,43.645961371527775,1271851649,1271851649,100.0
-2400,ft,3732480000,1622432697,43.46795420203189,1271851649,1271851649,100.0
-2200,ft,3732480000,1615232699,43.27505302104767,1271851649,1271851649,100.0
-2000,ft,3732480000,1606557697,43.04263377164781,1271851649,1271851649,100.0
-1800,ft,3732480000,1595014350,42.73336628729424,1271851649,1271851649,100.0
-1600,ft,3732480000,1580997838,42.35783816658093,1271851649,1271851649,100.0
-1400,ft,3732480000,1564865660,41.92562746484911,1271851649,1271851649,100.0
-1200,ft,3732480000,1547120093,41.450191106181414,1271851649,1271789279,99.9950961261835
-1000,ft,3732480000,1527313352,40.91953210733882,1271851649,1271724400,99.98999498093193
-800,ft,3732480000,1503888941,40.29194907943244,1271851649,1271655757,99.98459788921498
-600,ft,3732480000,1477414429,39.5826482392404,1271851649,1271562391,99.97725693871392
-400,ft,3732480000,1442215839,38.639613313400204,1271851649,1271425640,99.96650481993439
-200,ft,3732480000,1380098624,36.97537894375857,1271851649,1270834278,99.9200086739047
0,ft,3732480000,1271330831,34.061289839463306,1271851649,1266316529,99.56479829983694
200,ft,3732480000,1153662586,30.90874126586077,1271851649,1152429601,90.61037911977421
400,ft,3732480000,1053612501,28.228215583204733,1271851649,1052513431,82.75441808229318
600,ft,3732480000,967542500,25.92224204818244,1271851649,966492078,75.99094428661624
800,ft,3732480000,900344408,24.121881644375858,1271851649,899337961,70.71091677296712
1000,ft,3732480000,837532169,22.43902630422668,1271851649,836561464,65.77508191759242
1200,ft,3732480000,779832464,20.893145147462278,1271851649,778896421,61.24113780191356
1400,ft,3732480000,727524904,19.491729466735254,1271851649,726622540,57.1310766134801
1600,ft,3732480000,683896319,18.322839479381003,1271851649,683023574,53.70308514652875
1800,ft,3732480000,648697891,17.379808893818588,1271851649,647854309,50.93788332227103
2000,ft,3732480000,618725244,16.576786586934155,1271851649,617910659,48.583548205943316
2200,ft,3732480000,593039531,15.888619121870713,1271851649,592251312,46.56606865003955
2400,ft,3732480000,570269349,15.278564091435186,1271851649,569506670,44.77775929667407
2600,ft,3732480000,549927828,14.733577353395061,1271851649,549191486,43.18046734710016
2800,ft,3732480000,531176293,14.23118926290295,1271851649,530477038,41.7090341013506
3000,ft,3732480000,513333593,13.753150532621742,1271851649,512665908,40.308624705018566
3200,ft,3732480000,495790821,13.283147424768519,1271851649,495148846,38.93133655873414
3400,ft,3732480000,478599823,12.822568988983196,1271851649,477979844,37.58141481168925
3600,ft,3732480000,461917844,12.375628107853224,1271851649,461319563,36.27149151889805
3800,ft,3732480000,445523017,11.93638055662723,1271851649,444944838,34.98402021570992
4000,ft,3732480000,430449636,11.532536972736626,1271851649,429891273,33.80042580736553
4200,ft,3732480000,416692312,11.163952974965706,1271851649,416161305,32.72089990426234
4400,ft,3732480000,403805113,10.81868122535151,1271851649,403303349,31.709936399980247
4600,ft,3732480000,391755022,10.495837137774348,1271851649,391278180,30.764451208412908
4800,ft,3732480000,380832844,10.203211912722908,1271851649,380380042,29.90757941769984
5000,ft,3732480000,370568776,9.928218664266119,1271851649,370143354,29.102714478612906
5200,ft,3732480000,360669965,9.663011322230796,1271851649,360274548,28.32677445386557
5400,ft,3732480000,351409423,9.414904379929698,1271851649,351041934,27.600855357305907
5600,ft,3732480000,342357770,9.172393957904664,1271851649,342017729,26.891322527192006
5800,ft,3732480000,333463135,8.934090336719821,1271851649,333149414,26.194046629726074
6000,ft,3732480000,324902231,8.704727982467421,1271851649,324613816,25.522930780113334
6200,ft,3732480000,316481159,8.479111984525034,1271851649,316215853,24.862636554241714
6400,ft,3732480000,308287278,8.259582851080246,1271851649,308053467,24.22086469300163
6600,ft,3732480000,300032131,8.038412288880316,1271851649,299821020,23.573584249054193
6800,ft,3732480000,291795221,7.817730329432441,1271851649,291606296,22.92769728523582
7000,ft,3732480000,283494506,7.5953389167524,1271851649,283327066,22.27673850348564
7200,ft,3732480000,275369852,7.377664501886145,1271851649,275221628,21.639444208480953
7400,ft,3732480000,267245693,7.1600033489797665,1271851649,267114810,21.002041410255703
7600,ft,3732480000,258881392,6.935908350480109,1271851649,258766488,20.34565023392913
7800,ft,3732480000,249925616,6.695966649519891,1271851649,249824189,19.64255730583245
8000,ft,3732480000,240324063,6.4387233957047325,1271851649,240234597,18.888570627626713
8200,ft,3732480000,230154996,6.166275398662552,1271851649,230076123,18.089855305129223
8400,ft,3732480000,219392077,5.877917014960563,1271851649,219323008,17.244386023514917
8600,ft,3732480000,208114638,5.575773694701646,1271851649,208054436,16.358388666129724
8800,ft,3732480000,196095337,5.253754527820645,1271851649,196043143,15.41399448230774
9000,ft,3732480000,183572581,4.918246876071674,1271851649,183527551,14.429949526291018
9200,ft,3732480000,168578813,4.516536270790467,1271851649,168540517,13.251586152560785
9400,ft,3732480000,150665087,4.036594623413923,1271851649,150632749,11.84357854301921
9600,ft,3732480000,137228601,3.676606465406379,1271851649,137201463,10.78753666812284
9800,ft,3732480000,124972907,3.3482538955332646,1271851649,124950439,9.824293509250307
10000,ft,3732480000,109512905,2.9340520243912893,1271851649,109494753,8.60908212731342
10200,ft,3732480000,94251916,2.5251820773319618,1271851649,94237680,7.4094867962073145
10400,ft,3732480000,84112900,2.253539201817558,1271851649,84102033,6.612566258503943
10600,ft,3732480000,76022201,2.036774503815158,1271851649,76013901,5.976632656785587
10800,ft,3732480000,68666499,1.8397017264660493,1271851649,68660239,5.398447142320763
11000,ft,3732480000,62140970,1.6648708097565157,1271851649,62136254,4.885495415196808
11200,ft,3732480000,56024496,1.5009992283950617,1271851649,56020951,4.404676523716171
11400,ft,3732480000,49915995,1.3373412583590536,1271851649,49913421,3.9244687884192064
11600,ft,3732480000,43550472,1.1667971965020576,1271851649,43548613,3.4240324360345267
11800,ft,3732480000,37908120,1.0156282150205762,1271851649,37906786,2.980440842279397
12000,ft,3732480000,32561283,0.8723766235853909,1271851649,32560353,2.5600747560142527
12200,ft,3732480000,27012332,0.7237100265775034,1271851649,27011683,2.123807680026053
12400,ft,3732480000,22368705,0.5992987236368312,1271851649,22368227,1.7587135274453696
12600,ft,3732480000,19659382,0.526710980366941,1271851649,19659027,1.5457012628365119
12800,ft,3732480000,17583060,0.4710824974279835,1271851649,17582803,1.3824570667360907
13000,ft,3732480000,15864992,0.4250522976680384,1271851649,15864799,1.2473781051802528
13200,ft,3732480000,14508341,0.3887051236711248,1271851649,14508197,1.1407145645804797
13400,ft,3732480000,13553754,0.363129983281893,1271851649,13553628,1.065661078527249
13600,ft,3732480000,13049550,0.3496214313271605,1271851649,13049443,1.0260192696420367
13800,ft,3732480000,12536873,0.33588587212791493,1271851649,12536788,0.9857115025842137
14000,ft,3732480000,12001851,0.3215516493055556,1271851649,12001778,0.9436460619787269
14200,ft,3732480000,11449247,0.3067463723851166,1271851649,11449187,0.9001983060683204
14400,ft,3732480000,10888772,0.2917302169067215,1271851649,10888721,0.8561313741709824
14600,ft,3732480000,10306521,0.2761306423611111,1271851649,10306475,0.8103519784012169
14800,ft,3732480000,9692079,0.2596686117541152,1271851649,9692042,0.7620418629500082
15000,ft,3732480000,9007005,0.24131422003600822,1271851649,9006971,0.708177797865166
15200,ft,3732480000,8314533,0.2227616222993827,1271851649,8314502,0.6537320611674577
15400,ft,3732480000,7630497,0.20443504050925926,1271851649,7630472,0.5999498452511737
15600,ft,3732480000,6941464,0.18597457990397806,1271851649,6941445,0.5457747376007058
15800,ft,3732480000,6264876,0.16784754372427985,1271851649,6264864,0.49257820319891726
16000,ft,3732480000,5553778,0.14879592121056243,1271851649,5553767,0.4366678302745983
16200,ft,3732480000,4804843,0.12873057591735254,1271851649,4804834,0.3777825820942109
16400,ft,3732480000,4074395,0.10916053133573388,1271851649,4074388,0.32035088394181105
16600,ft,3732480000,3411828,0.09140914351851852,1271851649,3411825,0.2682565221095216
16800,ft,3732480000,2819947,0.07555156357167353,1271851649,2819945,0.22171964805936262
17000,ft,3732480000,2311070,0.06191781335733882,1271851649,2311069,0.18170900684974461
17200,ft,3732480000,1880770,0.05038928540809328,1271851649,1880769,0.1478764446685873
17400,ft,3732480000,1523925,0.04082875192901234,1271851649,1523925,0.11981939884248245
17600,ft,3732480000,1228305,0.03290854873971193,1271851649,1228305,0.09657612198449098
17800,ft,3732480000,985300,0.026397998113854595,1271851649,985300,0.07746972697442325
18000,ft,3732480000,787941,0.02111038773148148,1271851649,787941,0.061952272548415746
18200,ft,3732480000,628023,0.016825890560699587,1271851649,628023,0.04937863629722746
18400,ft,3732480000,497489,0.013328644761659809,1271851649,497489,0.03911533238889562
18600,ft,3732480000,390525,0.01046288258744856,1271851649,390525,0.03070523203763995
18800,ft,3732480000,303446,0.008129876114540467,1271851649,303446,0.023858600194337602
19000,ft,3732480000,232872,0.006239068930041152,1271851649,232872,0.01830968259412148
19200,ft,3732480000,176837,0.0047377882801783264,1271851649,176837,0.013903901460444621
19400,ft,3732480000,133429,0.0035748081704389573,1271851649,133429,0.010490924794956176
19600,ft,3732480000,100137,0.00268285429526749,1271851649,100137,0.007873323911537422
19800,ft,3732480000,74916,0.0020071373456790123,1271851649,74916,0.005890309617391548
20000,ft,3732480000,56250,0.0015070408950617284,1271851649,56250,0.0044226856209391135
20200,ft,3732480000,42282,0.0011328125,1271851649,42282,0.0033244443275475127
20400,ft,3732480000,31715,0.0008497031464334705,1271851649,31715,0.0024936084349881597
20600,ft,3732480000,24005,0.0006431380744170096,1271851649,24005,0.0018874056592114385
20800,ft,3732480000,18377,0.0004923536093964334,1271851649,18377,0.001444901220551077
21000,ft,3732480000,14243,0.0003815961505486968,1271851649,14243,0.0011198633119828584
21200,ft,3732480000,11249,0.00030138138717421124,1271851649,11249,0.0008844584986656726
21400,ft,3732480000,9020,0.00024166237997256515,1271851649,9020,0.0007092022097932586
21600,ft,3732480000,7367,0.00019737547153635116,1271851649,7367,0.0005792342216792613
21800,ft,3732480000,6031,0.00016158157578875172,1271851649,6031,0.00047419052408682297
22000,ft,3732480000,4998,0.00013390560699588476,1271851649,4998,0.0003929703597058433
22200,ft,3732480000,4182,0.0001120434670781893,1271851649,4182,0.00032881193363141993
22400,ft,3732480000,3491,9.353030692729767e-05,1271851649,3491,0.0002744816978257501
22600,ft,3732480000,2962,7.935742455418381e-05,1271851649,2962,0.00023288879660838494
22800,ft,3732480000,2454,6.5747170781893e-05,1271851649,2454,0.00019294703135617038
23000,ft,3732480000,2041,5.4682141632373116e-05,1271851649,2041,0.00016047469070820853
23200,ft,3732480000,1690,4.527820644718793e-05,1271851649,1690,0.00013287713243354847
23400,ft,3732480000,1389,3.721386316872428e-05,1271851649,1389,0.00010921085026638984
23600,ft,3732480000,1123,3.0087234224965705e-05,1271851649,1123,8.829646137448221e-05
23800,ft,3732480000,922,2.470207475994513e-05,1271851649,922,7.249273142232644e-05
24000,ft,3732480000,741,1.9852752057613168e-05,1271851649,741,5.826151191317125e-05
24200,ft,3732480000,613,1.6423396776406034e-05,1271851649,613,4.819744507796758e-05
24400,ft,3732480000,499,1.3369127229080932e-05,1271851649,499,3.9234135552864314e-05
24600,ft,3732480000,390,1.0448816872427984e-05,1271851649,390,3.0663953638511184e-05
24800,ft,3732480000,306,8.198302469135803e-06,1271851649,306,2.4059409777908777e-05
25000,ft,3732480000,232,6.2157064471879285e-06,1271851649,232,1.8241121138806655e-05
25200,ft,3732480000,190,5.090449245541838e-06,1271851649,190,1.4938849208505448e-05
25400,ft,3732480000,142,3.804441015089163e-06,1271851649,142,1.1164824145304073e-05
25600,ft,3732480000,113,3.0274777091906724e-06,1271851649,113,8.88468400295324e-06
25800,ft,3732480000,82,2.1969307270233195e-06,1271851649,82,6.447292816302351e-06
26000,ft,3732480000,69,1.84863683127572e-06,1271851649,69,5.4251610283519784e-06
26200,ft,3732480000,52,1.3931755829903977e-06,1271851649,52,4.088527151801491e-06
26400,ft,3732480000,41,1.0984653635116598e-06,1271851649,41,3.2236464081511756e-06
26600,ft,3732480000,34,9.109224965706447e-07,1271851649,34,2.673267753100975e-06
26800,ft,3732480000,26,6.965877914951989e-07,1271851649,26,2.0442635759007456e-06
27000,ft,3732480000,13,3.4829389574759943e-07,1271851649,13,1.0221317879503728e-06
27200,ft,3732480000,9,2.4112654320987655e-07,1271851649,9,7.076296993502581e-07
27400,ft,3732480000,6,1.6075102880658437e-07,1271851649,6,4.717531329001721e-07
27600,ft,3732480000,5,1.3395919067215364e-07,1271851649,5,3.931276107501434e-07
27800,ft,3732480000,3,8.037551440329219e-08,1271851649,3,2.3587656645008605e-07
28000,ft,3732480000,1,2.6791838134430727e-08,1271851649,1,7.862552215002868e-08
28200,ft,3732480000,0,0.0,1271851649,0,0.0
28400,ft,3732480000,0,0.0,1271851649,0,0.0
28600,ft,3732480000,0,0.0,1271851649,0,0.0
28800,ft,3732480000,0,0.0,1271851649,0,0.0
29000,ft,3732480000,0,0.0,1271851649,0,0.0
29200,ft,3732480000,0,0.0,1271851649,0,0.0
