Filename,Comments
ETOPO_2022_v1_1s_N24W079_2022.08.23.tif,
ETOPO_2022_v1_1s_N24W080_2022.08.23.tif,
ETOPO_2022_v1_1s_N24W081_2022.08.23.tif,
ETOPO_2022_v1_1s_N24W082_2022.08.23.tif,
ETOPO_2022_v1_1s_N24W083_2022.08.23.tif,
ETOPO_2022_v1_1s_N24W098_2022.08.23.tif,
ETOPO_2022_v1_1s_N25W079_2022.08.23.tif,
ETOPO_2022_v1_1s_N25W080_2022.08.23.tif,
ETOPO_2022_v1_1s_N25W081_2022.08.23.tif,
ETOPO_2022_v1_1s_N25W082_2022.08.23.tif,
ETOPO_2022_v1_1s_N25W098_2022.08.23.tif,
ETOPO_2022_v1_1s_N26W079_2022.08.23.tif,
ETOPO_2022_v1_1s_N26W080_2022.08.23.tif,
ETOPO_2022_v1_1s_N26W081_2022.08.23.tif,
ETOPO_2022_v1_1s_N26W082_2022.08.23.tif,
ETOPO_2022_v1_1s_N26W083_2022.08.23.tif,
ETOPO_2022_v1_1s_N26W098_2022.08.23.tif,
ETOPO_2022_v1_1s_N27W079_2022.08.23.tif,
ETOPO_2022_v1_1s_N27W081_2022.08.23.tif,
ETOPO_2022_v1_1s_N27W082_2022.08.23.tif,
ETOPO_2022_v1_1s_N27W083_2022.08.23.tif,
ETOPO_2022_v1_1s_N27W097_2022.08.23.tif,
ETOPO_2022_v1_1s_N27W098_2022.08.23.tif,
ETOPO_2022_v1_1s_N28W081_2022.08.23.tif,
ETOPO_2022_v1_1s_N28W082_2022.08.23.tif,
ETOPO_2022_v1_1s_N28W083_2022.08.23.tif,
ETOPO_2022_v1_1s_N28W090_2022.08.23.tif,
ETOPO_2022_v1_1s_N28W096_2022.08.23.tif,
ETOPO_2022_v1_1s_N28W097_2022.08.23.tif,
ETOPO_2022_v1_1s_N28W098_2022.08.23.tif,
ETOPO_2022_v1_1s_N29W081_2022.08.23.tif,
ETOPO_2022_v1_1s_N29W082_2022.08.23.tif,
ETOPO_2022_v1_1s_N29W083_2022.08.23.tif,
ETOPO_2022_v1_1s_N29W084_2022.08.23.tif,
ETOPO_2022_v1_1s_N29W085_2022.08.23.tif,
ETOPO_2022_v1_1s_N29W086_2022.08.23.tif,
ETOPO_2022_v1_1s_N29W089_2022.08.23.tif,
ETOPO_2022_v1_1s_N29W090_2022.08.23.tif,
ETOPO_2022_v1_1s_N29W091_2022.08.23.tif,
ETOPO_2022_v1_1s_N29W092_2022.08.23.tif,
ETOPO_2022_v1_1s_N29W093_2022.08.23.tif,
ETOPO_2022_v1_1s_N29W094_2022.08.23.tif,
ETOPO_2022_v1_1s_N29W095_2022.08.23.tif,
ETOPO_2022_v1_1s_N29W096_2022.08.23.tif,
ETOPO_2022_v1_1s_N29W097_2022.08.23.tif,
ETOPO_2022_v1_1s_N30W082_2022.08.23.tif,
ETOPO_2022_v1_1s_N30W083_2022.08.23.tif,
ETOPO_2022_v1_1s_N30W084_2022.08.23.tif,
ETOPO_2022_v1_1s_N30W085_2022.08.23.tif,
ETOPO_2022_v1_1s_N30W086_2022.08.23.tif,
ETOPO_2022_v1_1s_N30W087_2022.08.23.tif,
ETOPO_2022_v1_1s_N30W088_2022.08.23.tif,
ETOPO_2022_v1_1s_N30W089_2022.08.23.tif,
ETOPO_2022_v1_1s_N30W090_2022.08.23.tif,
ETOPO_2022_v1_1s_N30W091_2022.08.23.tif,
ETOPO_2022_v1_1s_N30W092_2022.08.23.tif,
ETOPO_2022_v1_1s_N30W093_2022.08.23.tif,
ETOPO_2022_v1_1s_N30W094_2022.08.23.tif,
ETOPO_2022_v1_1s_N30W095_2022.08.23.tif,
ETOPO_2022_v1_1s_N30W096_2022.08.23.tif,
ETOPO_2022_v1_1s_N31W081_2022.08.23.tif,
ETOPO_2022_v1_1s_N31W082_2022.08.23.tif,
ETOPO_2022_v1_1s_N31W088_2022.08.23.tif,
ETOPO_2022_v1_1s_N31W089_2022.08.23.tif,
ETOPO_2022_v1_1s_N32W080_2022.08.23.tif,
ETOPO_2022_v1_1s_N32W081_2022.08.23.tif,
ETOPO_2022_v1_1s_N32W082_2022.08.23.tif,
ETOPO_2022_v1_1s_N33W078_2022.08.23.tif,
ETOPO_2022_v1_1s_N33W079_2022.08.23.tif,
ETOPO_2022_v1_1s_N33W080_2022.08.23.tif,
ETOPO_2022_v1_1s_N33W081_2022.08.23.tif,
ETOPO_2022_v1_1s_N34W077_2022.08.23.tif,
ETOPO_2022_v1_1s_N34W078_2022.08.23.tif,
ETOPO_2022_v1_1s_N34W079_2022.08.23.tif,
ETOPO_2022_v1_1s_N35W076_2022.08.23.tif,
ETOPO_2022_v1_1s_N35W077_2022.08.23.tif,
ETOPO_2022_v1_1s_N35W078_2022.08.23.tif,
ETOPO_2022_v1_1s_N36W076_2022.08.23.tif,
ETOPO_2022_v1_1s_N36W077_2022.08.23.tif,
ETOPO_2022_v1_1s_N36W078_2022.08.23.tif,
ETOPO_2022_v1_1s_N37W076_2022.08.23.tif,
ETOPO_2022_v1_1s_N37W077_2022.08.23.tif,
ETOPO_2022_v1_1s_N37W078_2022.08.23.tif,
ETOPO_2022_v1_1s_N38W075_2022.08.23.tif,
ETOPO_2022_v1_1s_N38W076_2022.08.23.tif,
ETOPO_2022_v1_1s_N38W077_2022.08.23.tif,
ETOPO_2022_v1_1s_N38W078_2022.08.23.tif,
ETOPO_2022_v1_1s_N39W075_2022.08.23.tif,
ETOPO_2022_v1_1s_N39W076_2022.08.23.tif,
ETOPO_2022_v1_1s_N39W077_2022.08.23.tif,
ETOPO_2022_v1_1s_N40W073_2022.08.23.tif,
ETOPO_2022_v1_1s_N40W074_2022.08.23.tif,
ETOPO_2022_v1_1s_N40W075_2022.08.23.tif,
ETOPO_2022_v1_1s_N40W076_2022.08.23.tif,
ETOPO_2022_v1_1s_N41W070_2022.08.23.tif,
ETOPO_2022_v1_1s_N41W071_2022.08.23.tif,
ETOPO_2022_v1_1s_N41W072_2022.08.23.tif,
ETOPO_2022_v1_1s_N41W073_2022.08.23.tif,
ETOPO_2022_v1_1s_N41W074_2022.08.23.tif,
ETOPO_2022_v1_1s_N41W075_2022.08.23.tif,
ETOPO_2022_v1_1s_N42W071_2022.08.23.tif,
ETOPO_2022_v1_1s_N42W072_2022.08.23.tif,
ETOPO_2022_v1_1s_N42W074_2022.08.23.tif,
ETOPO_2022_v1_1s_N42W075_2022.08.23.tif,
ETOPO_2022_v1_1s_N43W066_2022.08.23.tif,
ETOPO_2022_v1_1s_N43W067_2022.08.23.tif,
ETOPO_2022_v1_1s_N43W069_2022.08.23.tif,
ETOPO_2022_v1_1s_N43W070_2022.08.23.tif,
ETOPO_2022_v1_1s_N43W071_2022.08.23.tif,
ETOPO_2022_v1_1s_N44W066_2022.08.23.tif,
ETOPO_2022_v1_1s_N44W067_2022.08.23.tif,
ETOPO_2022_v1_1s_N44W068_2022.08.23.tif,
ETOPO_2022_v1_1s_N44W069_2022.08.23.tif,
ETOPO_2022_v1_1s_N44W070_2022.08.23.tif,
ETOPO_2022_v1_1s_N45W066_2022.08.23.tif,
ETOPO_2022_v1_1s_N45W067_2022.08.23.tif,
ETOPO_2022_v1_1s_N45W068_2022.08.23.tif,